{"Training loss": 5.846927165985107, "_timestamp": 1674137587.4919214, "_runtime": 185.48465943336487, "_step": 99, "_wandb": {"runtime": 184}}