{"Training loss": 20.223968505859375, "_timestamp": 1674139753.2683187, "_runtime": 17.61374568939209, "_step": 41, "Training RMSE": 3.581439256668091, "Validation RMSE": 3.583322048187256, "Test RMSE": 3.5836665630340576, "model": "Model(\n  (encoder): GraphModule(\n    (conv1): ModuleDict(\n      (user__rates__movie): SAGEConv((-1, -1), 16, aggr=mean)\n      (movie__rev_rates__user): SAGEConv((-1, -1), 16, aggr=mean)\n    )\n    (conv2): ModuleDict(\n      (user__rates__movie): SAGEConv((-1, -1), 16, aggr=mean)\n      (movie__rev_rates__user): SAGEConv((-1, -1), 16, aggr=mean)\n    )\n  )\n  (decoder): EdgeDecoder(\n    (lin1): Linear(in_features=32, out_features=16, bias=True)\n    (lin2): Linear(in_features=16, out_features=1, bias=True)\n  )\n)", "weights": {"_type": "histogram", "values": [2, 0, 1, 0, 1, 0, 0, 0, 0, 0, 0, 0, 1, 0, 0, 0, 0, 0, 0, 0, 0, 0, 0, 0, 0, 0, 0, 0, 0, 0, 0, 0, 0, 0, 0, 0, 0, 0, 0, 0, 0, 0, 0, 0, 0, 0, 0, 0, 0, 0, 0, 0, 0, 0, 0, 0, 0, 0, 0, 0, 0, 0, 0, 1], "bins": [1.0, 1.5085325241088867, 2.0170650482177734, 2.52559757232666, 3.034130096435547, 3.5426626205444336, 4.05119514465332, 4.559727668762207, 5.068260192871094, 5.5767927169799805, 6.085325241088867, 6.593857765197754, 7.102390289306641, 7.610922813415527, 8.119455337524414, 8.6279878616333, 9.136520385742188, 9.645052909851074, 10.153585433959961, 10.662117958068848, 11.170650482177734, 11.679183006286621, 12.187715530395508, 12.696248054504395, 13.204780578613281, 13.713313102722168, 14.221845626831055, 14.730378150939941, 15.238910675048828, 15.747443199157715, 16.2559757232666, 16.764507293701172, 17.273040771484375, 17.781574249267578, 18.29010581970215, 18.79863739013672, 19.307170867919922, 19.815704345703125, 20.324235916137695, 20.832767486572266, 21.34130096435547, 21.849834442138672, 22.358366012573242, 22.866897583007812, 23.375431060791016, 23.88396453857422, 24.39249610900879, 24.90102767944336, 25.409561157226562, 25.918094635009766, 26.426626205444336, 26.935157775878906, 27.44369125366211, 27.952224731445312, 28.460756301879883, 28.969287872314453, 29.477821350097656, 29.98635482788086, 30.49488639831543, 31.00341796875, 31.511951446533203, 32.020484924316406, 32.529014587402344, 33.03754806518555, 33.54608154296875]}, "_wandb": {"runtime": 16}}