{"Training loss": 5.846927165985107, "_timestamp": 1674137312.2402573, "_runtime": 185.01345133781433, "_step": 99, "_wandb": {"runtime": 184}}