{"Training loss": 5.846927165985107, "_timestamp": 1674140539.1875026, "_runtime": 132.62897157669067, "_step": 399, "Training RMSE": 1.3488723039627075, "Validation RMSE": 1.3785606622695923, "Test RMSE": 1.3763997554779053, "_wandb": {"runtime": 131}}