{"Training loss": 5.846926689147949, "_timestamp": 1674138232.87723, "_runtime": 128.90481185913086, "_step": 99, "_wandb": {"runtime": 128}}